trial,stage,beta,latent_dim,learning_rate,hidden_dim,batch_size,anneal_fraction,likelihood,gaussian_sigma,epoch,effective_beta,train_total,train_reconstruction,train_kl,train_reference,train_bce,train_pixel_mse,val_total,val_reconstruction,val_kl,val_reference,val_bce,val_pixel_mse,parameters,seconds,peak_gpu_mb,reconstruction_image
00_beta_1.0,beta,1.0,2,0.001,400,128,0.0,bce,0.1,10,1.0,172.13092651367188,166.84110591634115,5.289821004231771,172.13092651367188,166.84110591634115,0.05082593587040901,169.913138671875,164.68380334472656,5.229334041595459,169.913138671875,164.68380334472656,0.050007817327976226,1063540,10.68663042699336,248.2919921875,outputs/notebooks/vae/tuning_20260929/00_beta_1.0/reconstruction.png
01_beta_0.1,beta,0.1,2,0.001,400,128,0.0,bce,0.1,10,0.1,168.5084549967448,166.99978877766927,15.086668416341146,182.0864577636719,166.99978877766927,0.051357550968726476,165.64812463378905,164.26397338867187,13.841509582519532,178.10548388671876,164.26397338867187,0.050020236998796465,1063540,10.536592003001715,248.2919921875,outputs/notebooks/vae/tuning_20260929/01_beta_0.1/reconstruction.png
02_beta_0.5,beta,0.5,2,0.001,400,128,0.0,bce,0.1,10,0.5,169.90005224609374,166.25403666178386,7.292030535380046,173.54606717936198,166.25403666178386,0.050671678841114044,166.3664033203125,162.638634765625,7.455538246154785,170.09417578125,162.638634765625,0.04916988658905029,1063540,10.68878947799385,248.2919921875,outputs/notebooks/vae/tuning_20260929/02_beta_0.5/reconstruction.png
03_beta_2.0,beta,2.0,2,0.001,400,128,0.0,bce,0.1,10,2.0,175.46273828125,167.72018977864585,3.871273911794027,171.59146370442707,167.72018977864585,0.051285451630751294,172.10254443359375,163.97738806152344,4.06257816696167,168.03996350097657,163.97738806152344,0.04997378468513489,1063540,10.975297425000463,248.2919921875,outputs/notebooks/vae/tuning_20260929/03_beta_2.0/reconstruction.png
04_latent_dim_8,latent_dim,2.0,8,0.001,400,128,0.0,bce,0.1,10,2.0,156.0352109375,138.77701000976563,8.629100982666015,147.40611063639324,138.77701000976563,0.03843825230995814,153.86009704589844,136.1630323486328,8.848531173706055,145.01156372070312,136.1630323486328,0.037416333109140394,1070752,10.974040767003316,248.4033203125,outputs/notebooks/vae/tuning_20260929/04_latent_dim_8/reconstruction.png
05_latent_dim_16,latent_dim,2.0,16,0.001,400,128,0.0,bce,0.1,10,2.0,158.25039204915365,140.0984873046875,9.07595204671224,149.1744395345052,140.0984873046875,0.03891563723484675,156.48885620117187,137.73330688476562,9.377774726867676,147.11108251953124,137.73330688476562,0.037915007293224334,1080368,10.439024077000795,248.5576171875,outputs/notebooks/vae/tuning_20260929/05_latent_dim_16/reconstruction.png
06_latent_dim_32,latent_dim,2.0,32,0.001,400,128,0.0,bce,0.1,10,2.0,164.402255086263,146.90645336914062,8.74790091196696,155.65435469563803,146.90645336914062,0.04196305939555168,162.08266552734375,144.7293135986328,8.676675674438476,153.40598840332032,144.7293135986328,0.04097805464267731,1099600,10.48510535901005,248.8662109375,outputs/notebooks/vae/tuning_20260929/06_latent_dim_32/reconstruction.png
07_latent_dim_64,latent_dim,2.0,64,0.001,400,128,0.0,bce,0.1,10,2.0,170.41975264485677,153.49205440266928,8.463848808288574,161.95590384928386,153.49205440266928,0.04477338913083077,169.9612705078125,152.81249938964845,8.574384895324707,161.38688317871095,152.81249938964845,0.04443674874305725,1138064,10.787763944012113,249.4833984375,outputs/notebooks/vae/tuning_20260929/07_latent_dim_64/reconstruction.png
08_learning_rate_0.0003,learning_rate,2.0,8,0.0003,400,128,0.0,bce,0.1,10,2.0,174.1419814453125,156.42739595540365,8.857292449951172,165.28468786621093,156.42739595540365,0.04511152153213819,169.1178203125,151.58681286621095,8.765503776550293,160.3523173828125,151.58681286621095,0.04290079841017723,1070752,10.788851988007082,248.4033203125,outputs/notebooks/vae/tuning_20260929/08_learning_rate_0.0003/reconstruction.png
09_learning_rate_0.0001,learning_rate,2.0,8,0.0001,400,128,0.0,bce,0.1,10,2.0,206.93618896484375,187.51591682942708,9.710135508219402,197.22605208333334,187.51591682942708,0.05705405054489771,202.70626013183593,183.73203332519532,9.487113182067871,193.21914672851562,183.73203332519532,0.055346756309270856,1070752,10.969408613003907,248.4033203125,outputs/notebooks/vae/tuning_20260929/09_learning_rate_0.0001/reconstruction.png
10_hidden_dim_800,hidden_dim,2.0,8,0.001,800,128,0.0,bce,0.1,10,2.0,151.55539567057292,133.9975899251302,8.7789025293986,142.77649198404947,133.9975899251302,0.036436720987161,151.5653020019531,132.79201391601563,9.386644187927246,142.17865698242187,132.79201391601563,0.03600534769892692,1445952,10.867063268000493,254.2353515625,outputs/notebooks/vae/tuning_20260929/10_hidden_dim_800/reconstruction.png
11_batch_size_32,batch_size,2.0,8,0.001,800,32,0.0,bce,0.1,10,2.0,145.0243983154297,125.79154296875,9.61642786916097,135.4079707438151,125.79154296875,0.03289867255091667,140.6605411376953,120.78469982910157,9.937922172546386,130.72261950683594,120.78469982910157,0.030813087344169616,1445952,13.448821900004987,91.6845703125,outputs/notebooks/vae/tuning_20260929/11_batch_size_32/reconstruction.png
12_batch_size_64,batch_size,2.0,8,0.001,800,64,0.0,bce,0.1,10,2.0,148.1875790608724,129.75906640625,9.214255905151367,138.97332263183594,129.75906640625,0.034602114915847776,145.39661254882813,125.73778405761719,9.829415000915528,135.56719897460937,125.73778405761719,0.03304219174385071,1445952,11.541075394998188,146.1357421875,outputs/notebooks/vae/tuning_20260929/12_batch_size_64/reconstruction.png
13_anneal_fraction_0.5,anneal_fraction,2.0,8,0.001,800,32,0.5,bce,0.1,10,2.0,143.27472135416667,122.37874825032551,10.447986287434896,132.82673486328125,122.37874825032551,0.031357015411059064,141.2744748535156,119.47978851318359,10.897343589782714,130.37713012695312,119.47978851318359,0.03022686669230461,1445952,13.266900732007343,91.6845703125,outputs/notebooks/vae/tuning_20260929/13_anneal_fraction_0.5/reconstruction.png
